{
  "src/main/resources/Call_18_Vehicle_5.txt": {
    "simulatedAnnealingNewOperators": {
      "Best solution": [
        4, 4, 7, 7, 0, 15, 15, 3, 3, 0, 11, 11, 10, 10, 9, 9, 2, 2, 0, 12, 12, 14, 14, 0, 6, 6, 8, 8, 0, 1, 1, 5, 5, 13,
        13, 16, 16, 17, 17, 18, 18
      ],
      "Improvement": 49.327135150040654,
      "Average run time": 1.1781,
      "Average objective": 5157061.3,
      "Best objective": 4439699.0
    }
  },
  "src/main/resources/Call_80_Vehicle_20.txt": {
    "simulatedAnnealingNewOperators": {
      "Best solution": [
        22, 22, 6, 6, 0, 62, 62, 5, 5, 38, 38, 0, 55, 55, 43, 43, 0, 47, 47, 19, 19, 0, 4, 4, 54, 54, 27, 27, 41, 41, 0,
        33, 33, 29, 29, 75, 75, 0, 13, 13, 0, 26, 26, 12, 12, 70, 70, 35, 35, 0, 74, 74, 40, 40, 64, 64, 0, 48, 48, 24,
        24, 58, 58, 0, 50, 50, 42, 42, 78, 78, 0, 34, 34, 2, 2, 0, 3, 3, 76, 76, 0, 20, 20, 63, 63, 31, 31, 8, 8, 0, 69,
        69, 77, 77, 56, 56, 15, 15, 0, 46, 46, 18, 18, 0, 49, 49, 44, 44, 1, 1, 0, 45, 45, 0, 16, 16, 10, 10, 0, 66, 66,
        32, 32, 25, 25, 0, 7, 7, 9, 9, 11, 11, 14, 14, 17, 17, 21, 21, 23, 23, 28, 28, 30, 30, 36, 36, 37, 37, 39, 39,
        51, 51, 52, 52, 53, 53, 57, 57, 59, 59, 60, 60, 61, 61, 65, 65, 67, 67, 68, 68, 71, 71, 72, 72, 73, 73, 79, 79,
        80, 80
      ],
      "Improvement": 44.90005964025143,
      "Average run time": 16.674599999999998,
      "Average objective": 2.41806685E7,
      "Best objective": 2.325847E7
    }
  },
  "src/main/resources/Call_7_Vehicle_3.txt": {
    "simulatedAnnealingNewOperators": {
      "Best solution": [1, 1, 0, 7, 7, 3, 3, 0, 5, 5, 6, 6, 0, 2, 2, 4, 4],
      "Improvement": 55.04445259920972,
      "Average run time": 0.4084,
      "Average objective": 1677178.6,
      "Best objective": 1477429.0
    }
  },
  "src/main/resources/Call_130_Vehicle_40.txt": {
    "simulatedAnnealingNewOperators": {
      "Best solution": [
        96, 96, 13, 13, 129, 129, 0, 84, 84, 128, 128, 5, 5, 0, 107, 107, 41, 41, 53, 53, 0, 7, 7, 116, 116, 75, 75, 0,
        26, 26, 126, 126, 19, 19, 0, 37, 37, 102, 102, 2, 2, 29, 29, 0, 33, 33, 59, 59, 14, 14, 0, 68, 68, 78, 78, 0,
        21, 21, 117, 117, 127, 127, 24, 24, 0, 50, 50, 109, 109, 0, 58, 58, 74, 74, 36, 36, 0, 114, 114, 92, 92, 40, 40,
        0, 94, 94, 55, 55, 1, 1, 0, 108, 108, 31, 31, 0, 71, 71, 27, 27, 106, 106, 0, 103, 103, 28, 28, 61, 61, 20, 20,
        0, 73, 73, 6, 6, 23, 23, 0, 104, 104, 9, 9, 0, 43, 43, 42, 42, 0, 47, 47, 39, 39, 124, 124, 0, 123, 123, 95, 95,
        70, 70, 0, 25, 25, 99, 99, 0, 64, 64, 51, 51, 0, 101, 101, 56, 56, 86, 86, 0, 49, 49, 10, 10, 0, 69, 69, 11, 11,
        0, 118, 118, 15, 15, 0, 76, 76, 110, 110, 113, 113, 0, 32, 32, 38, 38, 0, 88, 88, 0, 3, 3, 0, 77, 77, 125, 125,
        8, 8, 0, 18, 18, 81, 81, 0, 115, 115, 45, 45, 0, 63, 63, 22, 22, 4, 4, 0, 65, 65, 87, 87, 0, 121, 121, 85, 85,
        0, 57, 57, 44, 44, 79, 79, 0, 17, 17, 46, 46, 0, 16, 16, 130, 130, 0, 12, 12, 30, 30, 34, 34, 35, 35, 48, 48,
        52, 52, 54, 54, 60, 60, 62, 62, 66, 66, 67, 67, 72, 72, 80, 80, 82, 82, 83, 83, 89, 89, 90, 90, 91, 91, 93, 93,
        97, 97, 98, 98, 100, 100, 105, 105, 111, 111, 112, 112, 119, 119, 120, 120, 122, 122
      ],
      "Improvement": 54.802247314053695,
      "Average run time": 37.2609,
      "Average objective": 3.55932568E7,
      "Best objective": 3.4100207E7
    }
  },
  "src/main/resources/Call_35_Vehicle_7.txt": {
    "simulatedAnnealingNewOperators": {
      "Best solution": [
        2, 2, 0, 34, 34, 10, 10, 33, 33, 0, 25, 25, 30, 30, 9, 9, 0, 19, 19, 27, 27, 31, 31, 0, 6, 6, 16, 16, 15, 15,
        26, 26, 0, 32, 32, 4, 4, 0, 28, 28, 13, 13, 29, 29, 1, 1, 0, 3, 3, 5, 5, 7, 7, 8, 8, 11, 11, 12, 12, 14, 14, 17,
        17, 18, 18, 20, 20, 21, 21, 22, 22, 23, 23, 24, 24, 35, 35
      ],
      "Improvement": 41.08713494651127,
      "Average run time": 3.47,
      "Average objective": 1.23254639E7,
      "Best objective": 1.079412E7
    }
  }
}