{
  "src/main/resources/Call_18_Vehicle_5.txt": {
    "randomSearch": {
      "Average objective": 7039433.7,
      "Best objective": 5792619.0,
      "Average run time": 0.16,
      "Improvement": 33.89,
      "Best solution": [
        0, 10, 10, 3, 3, 0, 16, 16, 9, 9, 0, 18, 18, 0, 12, 14, 14, 12, 0, 6, 11, 7, 1, 6, 8, 17, 7, 2, 1, 11, 17, 4, 8,
        13, 15, 2, 4, 5, 15, 13, 5
      ]
    }
  },
  "src/main/resources/Call_80_Vehicle_20.txt": {
    "randomSearch": {
      "Average objective": 4.2211425E7,
      "Best objective": 4.2211425E7,
      "Average run time": 0.56,
      "Improvement": 0.0,
      "Best solution": [
        0, 0, 0, 0, 0, 0, 0, 0, 0, 0, 0, 0, 0, 0, 0, 0, 0, 0, 0, 0, 1, 1, 2, 2, 3, 3, 4, 4, 5, 5, 6, 6, 7, 7, 8, 8, 9,
        9, 10, 10, 11, 11, 12, 12, 13, 13, 14, 14, 15, 15, 16, 16, 17, 17, 18, 18, 19, 19, 20, 20, 21, 21, 22, 22, 23,
        23, 24, 24, 25, 25, 26, 26, 27, 27, 28, 28, 29, 29, 30, 30, 31, 31, 32, 32, 33, 33, 34, 34, 35, 35, 36, 36, 37,
        37, 38, 38, 39, 39, 40, 40, 41, 41, 42, 42, 43, 43, 44, 44, 45, 45, 46, 46, 47, 47, 48, 48, 49, 49, 50, 50, 51,
        51, 52, 52, 53, 53, 54, 54, 55, 55, 56, 56, 57, 57, 58, 58, 59, 59, 60, 60, 61, 61, 62, 62, 63, 63, 64, 64, 65,
        65, 66, 66, 67, 67, 68, 68, 69, 69, 70, 70, 71, 71, 72, 72, 73, 73, 74, 74, 75, 75, 76, 76, 77, 77, 78, 78, 79,
        79, 80, 80
      ]
    }
  },
  "src/main/resources/Call_7_Vehicle_3.txt": {
    "randomSearch": {
      "Average objective": 1977054.4,
      "Best objective": 1851768.0,
      "Average run time": 0.1,
      "Improvement": 43.65,
      "Best solution": [1, 1, 0, 0, 5, 5, 6, 6, 0, 3, 2, 2, 3, 4, 4, 7, 7]
    }
  },
  "src/main/resources/Call_130_Vehicle_40.txt": {
    "randomSearch": {
      "Average objective": 7.5446687E7,
      "Best objective": 7.5446687E7,
      "Average run time": 0.95,
      "Improvement": 0.0,
      "Best solution": [
        0, 0, 0, 0, 0, 0, 0, 0, 0, 0, 0, 0, 0, 0, 0, 0, 0, 0, 0, 0, 0, 0, 0, 0, 0, 0, 0, 0, 0, 0, 0, 0, 0, 0, 0, 0, 0,
        0, 0, 0, 1, 1, 2, 2, 3, 3, 4, 4, 5, 5, 6, 6, 7, 7, 8, 8, 9, 9, 10, 10, 11, 11, 12, 12, 13, 13, 14, 14, 15, 15,
        16, 16, 17, 17, 18, 18, 19, 19, 20, 20, 21, 21, 22, 22, 23, 23, 24, 24, 25, 25, 26, 26, 27, 27, 28, 28, 29, 29,
        30, 30, 31, 31, 32, 32, 33, 33, 34, 34, 35, 35, 36, 36, 37, 37, 38, 38, 39, 39, 40, 40, 41, 41, 42, 42, 43, 43,
        44, 44, 45, 45, 46, 46, 47, 47, 48, 48, 49, 49, 50, 50, 51, 51, 52, 52, 53, 53, 54, 54, 55, 55, 56, 56, 57, 57,
        58, 58, 59, 59, 60, 60, 61, 61, 62, 62, 63, 63, 64, 64, 65, 65, 66, 66, 67, 67, 68, 68, 69, 69, 70, 70, 71, 71,
        72, 72, 73, 73, 74, 74, 75, 75, 76, 76, 77, 77, 78, 78, 79, 79, 80, 80, 81, 81, 82, 82, 83, 83, 84, 84, 85, 85,
        86, 86, 87, 87, 88, 88, 89, 89, 90, 90, 91, 91, 92, 92, 93, 93, 94, 94, 95, 95, 96, 96, 97, 97, 98, 98, 99, 99,
        100, 100, 101, 101, 102, 102, 103, 103, 104, 104, 105, 105, 106, 106, 107, 107, 108, 108, 109, 109, 110, 110,
        111, 111, 112, 112, 113, 113, 114, 114, 115, 115, 116, 116, 117, 117, 118, 118, 119, 119, 120, 120, 121, 121,
        122, 122, 123, 123, 124, 124, 125, 125, 126, 126, 127, 127, 128, 128, 129, 129, 130, 130
      ]
    }
  },
  "src/main/resources/Call_35_Vehicle_7.txt": {
    "randomSearch": {
      "Average objective": 1.81147794E7,
      "Best objective": 1.6248192E7,
      "Average run time": 0.24,
      "Improvement": 11.32,
      "Best solution": [
        0, 17, 17, 0, 31, 9, 9, 31, 0, 21, 21, 0, 0, 25, 25, 0, 8, 8, 0, 11, 22, 5, 32, 35, 3, 15, 28, 10, 3, 34, 12,
        14, 2, 16, 27, 35, 1, 16, 22, 33, 24, 13, 2, 6, 4, 15, 13, 18, 23, 30, 20, 20, 5, 23, 14, 7, 29, 27, 11, 33, 4,
        30, 26, 12, 19, 6, 32, 24, 7, 18, 29, 34, 19, 1, 26, 10, 28
      ]
    }
  }
}