{
  "src/main/resources/Call_18_Vehicle_5.txt": {
    "simulatedAnnealingNewOperators": {
      "Best solution": [
        4, 4, 3, 3, 0, 15, 15, 16, 16, 10, 10, 9, 9, 0, 5, 5, 1, 1, 0, 12, 12, 14, 14, 0, 18, 18, 8, 8, 2, 2, 0, 13, 13,
        11, 11, 7, 7, 6, 6, 17, 17
      ],
      "Improvement": 57.02279931317634,
      "Average run time": 0.0469,
      "Average objective": 4406436.2,
      "Best objective": 3765444.0
    }
  },
  "src/main/resources/Call_80_Vehicle_20.txt": {
    "simulatedAnnealingNewOperators": {
      "Best solution": [
        68, 68, 70, 70, 0, 52, 52, 14, 14, 42, 42, 0, 59, 59, 9, 9, 73, 73, 0, 34, 34, 0, 72, 72, 12, 12, 38, 38, 0, 80,
        80, 6, 6, 0, 36, 36, 7, 7, 0, 53, 53, 0, 48, 48, 29, 29, 64, 64, 1, 1, 0, 74, 74, 10, 10, 0, 61, 61, 0, 22, 22,
        21, 21, 41, 41, 0, 16, 16, 15, 15, 0, 50, 50, 60, 60, 25, 25, 0, 33, 33, 44, 44, 0, 49, 49, 0, 46, 46, 65, 65,
        0, 77, 77, 45, 45, 0, 37, 37, 31, 31, 75, 75, 0, 28, 28, 5, 5, 35, 35, 0, 47, 47, 11, 11, 54, 54, 20, 20, 26,
        26, 27, 27, 78, 78, 57, 57, 71, 71, 67, 67, 63, 63, 56, 56, 69, 69, 24, 24, 4, 4, 40, 40, 66, 66, 79, 79, 30,
        30, 3, 3, 13, 13, 62, 62, 43, 43, 17, 17, 19, 19, 18, 18, 39, 39, 23, 23, 8, 8, 32, 32, 55, 55, 76, 76, 2, 2,
        58, 58, 51, 51
      ],
      "Improvement": 41.87416321529065,
      "Average run time": 0.1187,
      "Average objective": 2.62013084E7,
      "Best objective": 2.4535744E7
    }
  },
  "src/main/resources/Call_7_Vehicle_3.txt": {
    "simulatedAnnealingNewOperators": {
      "Best solution": [3, 3, 0, 7, 7, 1, 1, 0, 5, 5, 6, 6, 0, 2, 2, 4, 4],
      "Improvement": 55.04445259920972,
      "Average run time": 0.059,
      "Average objective": 1563743.4,
      "Best objective": 1477429.0
    }
  },
  "src/main/resources/Call_130_Vehicle_40.txt": {
    "simulatedAnnealingNewOperators": {
      "Best solution": [
        59, 59, 0, 108, 108, 22, 22, 0, 34, 34, 0, 74, 74, 0, 43, 43, 81, 81, 0, 64, 64, 0, 0, 11, 11, 106, 106, 0, 92,
        92, 0, 50, 50, 41, 41, 75, 75, 0, 114, 114, 0, 72, 72, 0, 28, 28, 24, 24, 0, 116, 116, 0, 111, 111, 27, 27, 0,
        73, 73, 98, 98, 0, 82, 82, 0, 96, 96, 14, 14, 0, 52, 52, 13, 13, 129, 129, 0, 71, 71, 105, 105, 78, 78, 0, 119,
        119, 99, 99, 0, 70, 70, 0, 102, 102, 0, 90, 90, 10, 10, 0, 69, 69, 125, 125, 8, 8, 0, 4, 4, 0, 118, 118, 93, 93,
        95, 95, 86, 86, 0, 26, 26, 128, 128, 0, 89, 89, 9, 9, 0, 30, 30, 40, 40, 45, 45, 0, 120, 120, 100, 100, 0, 58,
        58, 62, 62, 12, 12, 0, 123, 123, 36, 36, 0, 77, 77, 46, 46, 0, 110, 110, 0, 66, 66, 0, 121, 121, 0, 49, 49, 0,
        80, 80, 0, 55, 55, 0, 101, 101, 122, 122, 21, 21, 113, 113, 39, 39, 54, 54, 29, 29, 56, 56, 35, 35, 18, 18, 38,
        38, 37, 37, 87, 87, 23, 23, 67, 67, 130, 130, 103, 103, 94, 94, 107, 107, 33, 33, 2, 2, 65, 65, 20, 20, 60, 60,
        53, 53, 44, 44, 79, 79, 112, 112, 126, 126, 16, 16, 84, 84, 3, 3, 68, 68, 109, 109, 124, 124, 83, 83, 51, 51,
        61, 61, 48, 48, 76, 76, 127, 127, 6, 6, 31, 31, 32, 32, 85, 85, 117, 117, 57, 57, 1, 1, 19, 19, 7, 7, 91, 91,
        88, 88, 115, 115, 63, 63, 42, 42, 104, 104, 15, 15, 17, 17, 47, 47, 25, 25, 97, 97, 5, 5
      ],
      "Improvement": 39.38406732160419,
      "Average run time": 0.2166,
      "Average objective": 4.70571743E7,
      "Best objective": 4.5732713E7
    }
  },
  "src/main/resources/Call_35_Vehicle_7.txt": {
    "simulatedAnnealingNewOperators": {
      "Best solution": [
        13, 13, 8, 8, 2, 2, 0, 17, 17, 22, 22, 33, 33, 0, 7, 7, 20, 20, 27, 27, 0, 25, 25, 30, 30, 4, 4, 0, 19, 19, 0,
        23, 23, 26, 26, 0, 28, 28, 21, 21, 18, 18, 0, 29, 29, 12, 12, 35, 35, 32, 32, 11, 11, 9, 9, 15, 15, 31, 31, 1,
        1, 10, 10, 24, 24, 6, 6, 14, 14, 34, 34, 5, 5, 16, 16, 3, 3
      ],
      "Improvement": 42.20113460310232,
      "Average run time": 0.060899999999999996,
      "Average objective": 1.11633899E7,
      "Best objective": 1.0590011E7
    }
  }
}