{
  "src/main/resources/Call_18_Vehicle_5.txt": {
    "simulatedAnnealingNewOperators": {
      "Best solution": [
        18, 5, 5, 18, 7, 3, 3, 7, 0, 13, 11, 13, 11, 9, 9, 0, 16, 16, 8, 8, 0, 1, 1, 2, 2, 0, 14, 14, 0, 4, 4, 6, 6, 10,
        10, 12, 12, 15, 15, 17, 17
      ],
      "Improvement": 44.97460021649281,
      "Average run time": 6.2635,
      "Average objective": 5364629.8,
      "Best objective": 4821046.0
    }
  },
  "src/main/resources/Call_80_Vehicle_20.txt": {
    "simulatedAnnealingNewOperators": {
      "Best solution": [
        74, 74, 12, 12, 40, 40, 9, 9, 0, 55, 55, 28, 39, 28, 39, 70, 70, 18, 18, 0, 50, 50, 61, 61, 71, 71, 35, 6, 6,
        35, 0, 59, 59, 68, 68, 27, 27, 7, 11, 7, 11, 0, 72, 72, 22, 22, 42, 38, 42, 38, 0, 79, 79, 17, 17, 78, 78, 0,
        21, 21, 41, 41, 43, 43, 0, 23, 23, 73, 73, 0, 62, 62, 60, 60, 0, 37, 37, 10, 10, 0, 33, 33, 24, 24, 2, 2, 0, 26,
        26, 1, 1, 0, 58, 58, 0, 48, 48, 0, 63, 63, 8, 8, 0, 0, 0, 0, 0, 52, 52, 0, 3, 3, 4, 4, 5, 5, 13, 13, 14, 14, 15,
        15, 16, 16, 19, 19, 20, 20, 25, 25, 29, 29, 30, 30, 31, 31, 32, 32, 34, 34, 36, 36, 44, 44, 45, 45, 46, 46, 47,
        47, 49, 49, 51, 51, 53, 53, 54, 54, 56, 56, 57, 57, 64, 64, 65, 65, 66, 66, 67, 67, 69, 69, 75, 75, 76, 76, 77,
        77, 80, 80
      ],
      "Improvement": 35.77194562846433,
      "Average run time": 33.3182,
      "Average objective": 3.01229349E7,
      "Best objective": 2.7111577E7
    }
  },
  "src/main/resources/Call_7_Vehicle_3.txt": {
    "simulatedAnnealingNewOperators": {
      "Best solution": [1, 1, 0, 3, 3, 0, 7, 7, 6, 6, 0, 2, 2, 4, 4, 5, 5],
      "Improvement": 39.294923171765525,
      "Average run time": 0.5956,
      "Average objective": 2457850.2,
      "Best objective": 1995025.0
    }
  },
  "src/main/resources/Call_130_Vehicle_40.txt": {
    "simulatedAnnealingNewOperators": {
      "Best solution": [
        120, 120, 14, 14, 0, 37, 37, 2, 2, 27, 27, 124, 8, 8, 124, 0, 107, 107, 62, 62, 5, 5, 4, 4, 0, 7, 83, 83, 102,
        102, 7, 35, 35, 78, 78, 0, 50, 50, 68, 68, 54, 54, 29, 29, 1, 1, 0, 71, 71, 92, 92, 0, 114, 21, 21, 128, 128,
        114, 79, 79, 0, 18, 18, 10, 10, 0, 41, 106, 41, 106, 113, 113, 0, 28, 28, 109, 109, 0, 74, 31, 74, 31, 0, 61,
        61, 129, 129, 0, 0, 19, 19, 0, 47, 47, 0, 73, 73, 38, 38, 0, 72, 12, 12, 72, 0, 116, 116, 0, 75, 75, 0, 53, 53,
        0, 88, 88, 0, 126, 126, 0, 52, 52, 81, 81, 0, 111, 111, 0, 90, 90, 0, 45, 45, 0, 67, 40, 67, 40, 0, 115, 115,
        112, 112, 0, 105, 105, 0, 0, 49, 49, 0, 69, 69, 23, 23, 0, 70, 70, 0, 82, 82, 0, 55, 55, 0, 0, 0, 0, 97, 97, 0,
        0, 3, 3, 6, 6, 9, 9, 11, 11, 13, 13, 15, 15, 16, 16, 17, 17, 20, 20, 22, 22, 24, 24, 25, 25, 26, 26, 30, 30, 32,
        32, 33, 33, 34, 34, 36, 36, 39, 39, 42, 42, 43, 43, 44, 44, 46, 46, 48, 48, 51, 51, 56, 56, 57, 57, 58, 58, 59,
        59, 60, 60, 63, 63, 64, 64, 65, 65, 66, 66, 76, 76, 77, 77, 80, 80, 84, 84, 85, 85, 86, 86, 87, 87, 89, 89, 91,
        91, 93, 93, 94, 94, 95, 95, 96, 96, 98, 98, 99, 99, 100, 100, 101, 101, 103, 103, 104, 104, 108, 108, 110, 110,
        117, 117, 118, 118, 119, 119, 121, 121, 122, 122, 123, 123, 125, 125, 127, 127, 130, 130
      ],
      "Improvement": 38.332662638983734,
      "Average run time": 73.33789999999999,
      "Average objective": 4.91234929E7,
      "Best objective": 4.6525963E7
    }
  },
  "src/main/resources/Call_35_Vehicle_7.txt": {
    "simulatedAnnealingNewOperators": {
      "Best solution": [
        13, 13, 35, 29, 29, 35, 24, 1, 1, 24, 0, 12, 12, 10, 10, 0, 34, 18, 18, 34, 2, 2, 0, 19, 19, 20, 20, 27, 27, 0,
        0, 25, 25, 0, 28, 28, 31, 31, 0, 3, 3, 4, 4, 5, 5, 6, 6, 7, 7, 8, 8, 9, 9, 11, 11, 14, 14, 15, 15, 16, 16, 17,
        17, 21, 21, 22, 22, 23, 23, 26, 26, 30, 30, 32, 32, 33, 33
      ],
      "Improvement": 36.91820917797,
      "Average run time": 11.7155,
      "Average objective": 1.25735287E7,
      "Best objective": 1.1557958E7
    }
  }
}