{"Call 35 Vehicle 7":{"Simulated Annealing New Operators":{"Best solution":[2,2,0,34,34,10,10,33,33,0,25,25,30,30,9,9,0,19,19,27,27,31,31,0,6,6,16,16,15,15,26,26,0,32,32,4,4,0,28,28,13,13,29,29,1,1,0,3,3,5,5,7,7,8,8,11,11,12,12,14,14,17,17,18,18,20,20,21,21,22,22,23,23,24,24,35,35],"Improvement":41.08713494651127,"Average run time":3.47,"Average objective":1.23254639E7,"Best objective":1.079412E7},"Simulated Annealing":{"Average objective":1.0438207E7,"Best objective":9545304.0,"Average run time":0.33,"Improvement":47.9,"Best solution":[21,21,22,22,0,23,23,33,33,4,4,0,7,7,17,17,10,10,2,2,0,25,25,31,31,0,19,19,30,30,26,26,0,12,12,18,18,20,20,27,27,0,28,28,13,13,8,8,0,24,24,1,1,34,34,5,5,32,32,6,6,14,14,3,3,16,16,15,15,35,35,9,9,11,11,29,29]},"Random Search":{"Average objective":1.81147794E7,"Best objective":1.6248192E7,"Average run time":0.24,"Improvement":11.32,"Best solution":[0,17,17,0,31,9,9,31,0,21,21,0,0,25,25,0,8,8,0,11,22,5,32,35,3,15,28,10,3,34,12,14,2,16,27,35,1,16,22,33,24,13,2,6,4,15,13,18,23,30,20,20,5,23,14,7,29,27,11,33,4,30,26,12,19,6,32,24,7,18,29,34,19,1,26,10,28]},"Local Search":{"Average objective":9846322.7,"Best objective":8821467.0,"Average run time":0.33,"Improvement":51.85,"Best solution":[21,21,22,22,33,33,26,26,0,23,23,8,8,2,2,0,12,12,18,18,0,25,25,32,32,4,4,0,19,19,10,10,27,27,0,7,7,17,17,30,30,20,20,0,28,28,13,13,29,29,31,31,0,35,35,6,6,9,9,14,14,11,11,15,15,1,1,34,34,5,5,3,3,16,16,24,24]},"Adaptive Large Neighbourhood Search":{"Best solution":[21,21,22,22,33,33,0,17,17,29,11,29,11,26,26,0,23,23,3,3,24,1,31,24,1,31,0,25,25,16,16,10,14,14,10,15,15,4,4,0,19,7,34,18,7,34,19,18,2,32,32,9,2,9,0,6,5,12,30,5,6,30,20,12,27,20,27,0,28,28,13,13,35,35,8,8,0],"Improvement":74.75242299250668,"Average run time":79.9218,"Average objective":4888336.1,"Best objective":4625906.0}},"Call 80 Vehicle 20":{"Simulated Annealing New Operators":{"Best solution":[22,22,6,6,0,62,62,5,5,38,38,0,55,55,43,43,0,47,47,19,19,0,4,4,54,54,27,27,41,41,0,33,33,29,29,75,75,0,13,13,0,26,26,12,12,70,70,35,35,0,74,74,40,40,64,64,0,48,48,24,24,58,58,0,50,50,42,42,78,78,0,34,34,2,2,0,3,3,76,76,0,20,20,63,63,31,31,8,8,0,69,69,77,77,56,56,15,15,0,46,46,18,18,0,49,49,44,44,1,1,0,45,45,0,16,16,10,10,0,66,66,32,32,25,25,0,7,7,9,9,11,11,14,14,17,17,21,21,23,23,28,28,30,30,36,36,37,37,39,39,51,51,52,52,53,53,57,57,59,59,60,60,61,61,65,65,67,67,68,68,71,71,72,72,73,73,79,79,80,80],"Improvement":44.90005964025143,"Average run time":16.674599999999998,"Average objective":2.41806685E7,"Best objective":2.325847E7},"Simulated Annealing":{"Average objective":2.02356128E7,"Best objective":1.9259583E7,"Average run time":0.83,"Improvement":54.37,"Best solution":[74,74,0,47,47,36,36,7,7,6,6,0,66,66,5,5,10,10,0,55,55,39,39,21,21,18,18,0,34,34,29,29,51,51,65,65,0,37,37,38,38,0,68,68,22,22,42,42,35,35,0,26,26,12,12,19,19,0,53,53,31,31,75,75,0,57,57,14,14,73,73,0,4,4,0,80,80,60,60,41,41,0,3,3,44,44,0,50,50,61,61,1,1,0,49,49,56,56,76,76,0,33,33,23,23,25,25,0,46,46,0,77,77,54,54,70,70,45,45,0,72,72,27,27,64,64,0,62,62,16,16,15,15,0,79,79,17,17,20,20,48,48,24,24,32,32,69,69,28,28,63,63,58,58,78,78,2,2,43,43,8,8,11,11,30,30,59,59,71,71,9,9,40,40,52,52,67,67,13,13]},"Random Search":{"Average objective":4.2211425E7,"Best objective":4.2211425E7,"Average run time":0.56,"Improvement":0.0,"Best solution":[0,0,0,0,0,0,0,0,0,0,0,0,0,0,0,0,0,0,0,0,1,1,2,2,3,3,4,4,5,5,6,6,7,7,8,8,9,9,10,10,11,11,12,12,13,13,14,14,15,15,16,16,17,17,18,18,19,19,20,20,21,21,22,22,23,23,24,24,25,25,26,26,27,27,28,28,29,29,30,30,31,31,32,32,33,33,34,34,35,35,36,36,37,37,38,38,39,39,40,40,41,41,42,42,43,43,44,44,45,45,46,46,47,47,48,48,49,49,50,50,51,51,52,52,53,53,54,54,55,55,56,56,57,57,58,58,59,59,60,60,61,61,62,62,63,63,64,64,65,65,66,66,67,67,68,68,69,69,70,70,71,71,72,72,73,73,74,74,75,75,76,76,77,77,78,78,79,79,80,80]},"Local Search":{"Average objective":2.09182292E7,"Best objective":1.9810961E7,"Average run time":0.81,"Improvement":53.07,"Best solution":[61,61,35,35,1,1,0,55,55,19,19,0,34,34,12,12,64,64,0,50,50,37,37,5,5,65,65,0,4,4,22,22,8,8,0,57,57,60,60,73,73,0,74,74,75,75,0,26,26,29,29,10,10,0,53,53,51,51,0,67,67,54,54,70,70,18,18,0,33,33,14,14,42,42,0,47,47,36,36,38,38,0,68,68,39,39,21,21,41,41,0,3,3,15,15,0,46,46,6,6,0,49,49,0,69,69,32,32,23,23,25,25,0,16,16,56,56,76,76,43,43,0,72,72,45,45,0,66,66,44,44,0,40,40,52,52,24,24,28,28,9,9,59,59,78,78,11,11,13,13,7,7,63,63,2,2,30,30,31,31,17,17,77,77,20,20,27,27,80,80,79,79,48,48,58,58,71,71,62,62]},"Adaptive Large Neighbourhood Search":{"Best solution":[79,79,23,23,9,9,58,58,0,48,48,68,68,39,39,2,2,0,62,62,60,12,12,70,70,60,0,59,72,72,59,73,73,0,50,50,61,37,37,61,75,75,0,55,67,55,54,67,27,54,27,19,18,18,19,0,74,28,28,5,5,74,17,17,10,10,0,52,52,30,31,30,65,31,65,0,47,47,36,7,13,7,36,13,43,43,0,53,53,24,6,24,6,0,33,33,22,22,42,40,42,78,40,78,0,4,4,51,51,0,49,57,57,49,0,34,26,26,34,0,69,69,63,63,64,38,1,1,64,38,0,3,29,3,29,56,56,15,35,35,15,0,46,46,0,32,14,32,14,45,8,8,45,0,16,16,11,71,71,11,76,76,0,66,80,80,66,44,21,21,41,44,25,41,25,0,20,20,77,77],"Improvement":72.12159978015431,"Average run time":139.8638,"Average objective":1.24867493E7,"Best objective":1.176787E7}},"Call 130 Vehicle 40":{"Simulated Annealing New Operators":{"Best solution":[96,96,13,13,129,129,0,84,84,128,128,5,5,0,107,107,41,41,53,53,0,7,7,116,116,75,75,0,26,26,126,126,19,19,0,37,37,102,102,2,2,29,29,0,33,33,59,59,14,14,0,68,68,78,78,0,21,21,117,117,127,127,24,24,0,50,50,109,109,0,58,58,74,74,36,36,0,114,114,92,92,40,40,0,94,94,55,55,1,1,0,108,108,31,31,0,71,71,27,27,106,106,0,103,103,28,28,61,61,20,20,0,73,73,6,6,23,23,0,104,104,9,9,0,43,43,42,42,0,47,47,39,39,124,124,0,123,123,95,95,70,70,0,25,25,99,99,0,64,64,51,51,0,101,101,56,56,86,86,0,49,49,10,10,0,69,69,11,11,0,118,118,15,15,0,76,76,110,110,113,113,0,32,32,38,38,0,88,88,0,3,3,0,77,77,125,125,8,8,0,18,18,81,81,0,115,115,45,45,0,63,63,22,22,4,4,0,65,65,87,87,0,121,121,85,85,0,57,57,44,44,79,79,0,17,17,46,46,0,16,16,130,130,0,12,12,30,30,34,34,35,35,48,48,52,52,54,54,60,60,62,62,66,66,67,67,72,72,80,80,82,82,83,83,89,89,90,90,91,91,93,93,97,97,98,98,100,100,105,105,111,111,112,112,119,119,120,120,122,122],"Improvement":54.802247314053695,"Average run time":37.2609,"Average objective":3.55932568E7,"Best objective":3.4100207E7},"Simulated Annealing":{"Average objective":3.32192874E7,"Best objective":3.1618987E7,"Average run time":1.48,"Improvement":58.09,"Best solution":[114,114,78,78,0,120,120,102,102,66,66,124,124,0,7,7,97,97,4,4,0,108,108,59,59,19,19,0,26,26,2,2,0,91,91,81,81,0,58,58,68,68,42,42,10,10,0,18,18,75,75,0,94,94,80,80,14,14,0,82,82,55,55,40,40,0,103,103,28,28,117,117,0,37,37,130,130,0,39,39,22,22,27,27,0,93,93,5,5,0,73,73,106,106,0,34,34,0,96,96,38,38,0,48,48,41,41,0,43,43,54,54,100,100,0,83,83,116,116,0,32,32,36,36,0,123,123,98,98,88,88,0,76,76,126,126,105,105,0,49,49,24,24,0,16,16,113,113,0,77,77,63,63,110,110,0,107,107,0,50,50,45,45,0,89,89,56,56,85,85,0,92,92,3,3,0,33,33,69,69,8,8,0,74,74,87,87,46,46,0,115,115,15,15,0,111,111,70,70,0,61,61,0,52,52,95,95,0,25,25,99,99,0,121,121,44,44,125,125,0,84,84,12,12,53,53,0,90,90,101,101,129,129,0,31,31,118,118,128,128,79,79,109,109,17,17,64,64,65,65,71,71,29,29,119,119,35,35,13,13,11,11,62,62,112,112,51,51,47,47,6,6,9,9,23,23,30,30,67,67,57,57,1,1,104,104,21,21,60,60,122,122,127,127,20,20,72,72,86,86]},"Random Search":{"Average objective":7.5446687E7,"Best objective":7.5446687E7,"Average run time":0.95,"Improvement":0.0,