{
  "Call 35 Vehicle 7": {
    "Adaptive Large Neighbourhood Search": {
      "Best solution": [
        21, 21, 22, 22, 33, 33, 0, 17, 17, 29, 11, 29, 11, 26, 26, 0, 23, 23, 3, 3, 24, 1, 31, 24, 1, 31, 0, 25, 25, 16,
        16, 10, 14, 14, 10, 15, 15, 4, 4, 0, 19, 7, 34, 18, 7, 34, 19, 18, 2, 32, 32, 9, 2, 9, 0, 6, 5, 12, 30, 5, 6,
        30, 20, 12, 27, 20, 27, 0, 28, 28, 13, 13, 35, 35, 8, 8, 0
      ],
      "Improvement": 74.75242299250668,
      "Average run time": 79.9218,
      "Average objective": 4888336.1,
      "Best objective": 4625906.0
    }
  },
  "Call 80 Vehicle 20": {
    "Adaptive Large Neighbourhood Search": {
      "Best solution": [
        79, 79, 23, 23, 9, 9, 58, 58, 0, 48, 48, 68, 68, 39, 39, 2, 2, 0, 62, 62, 60, 12, 12, 70, 70, 60, 0, 59, 72, 72,
        59, 73, 73, 0, 50, 50, 61, 37, 37, 61, 75, 75, 0, 55, 67, 55, 54, 67, 27, 54, 27, 19, 18, 18, 19, 0, 74, 28, 28,
        5, 5, 74, 17, 17, 10, 10, 0, 52, 52, 30, 31, 30, 65, 31, 65, 0, 47, 47, 36, 7, 13, 7, 36, 13, 43, 43, 0, 53, 53,
        24, 6, 24, 6, 0, 33, 33, 22, 22, 42, 40, 42, 78, 40, 78, 0, 4, 4, 51, 51, 0, 49, 57, 57, 49, 0, 34, 26, 26, 34,
        0, 69, 69, 63, 63, 64, 38, 1, 1, 64, 38, 0, 3, 29, 3, 29, 56, 56, 15, 35, 35, 15, 0, 46, 46, 0, 32, 14, 32, 14,
        45, 8, 8, 45, 0, 16, 16, 11, 71, 71, 11, 76, 76, 0, 66, 80, 80, 66, 44, 21, 21, 41, 44, 25, 41, 25, 0, 20, 20,
        77, 77
      ],
      "Improvement": 72.12159978015431,
      "Average run time": 139.8638,
      "Average objective": 1.24867493E7,
      "Best objective": 1.176787E7
    }
  },
  "Call 130 Vehicle 40": {
    "Adaptive Large Neighbourhood Search": {
      "Best solution": [
        93, 35, 35, 93, 105, 105, 36, 8, 8, 36, 113, 113, 0, 107, 107, 39, 39, 19, 1, 1, 19, 0, 7, 57, 37, 83, 7, 83,
        57, 37, 116, 60, 116, 60, 100, 100, 0, 120, 120, 80, 80, 11, 29, 11, 29, 4, 4, 0, 91, 91, 127, 127, 5, 106, 5,
        106, 10, 10, 0, 122, 122, 62, 62, 119, 119, 0, 33, 33, 30, 30, 98, 75, 98, 75, 0, 65, 72, 65, 72, 27, 27, 53,
        53, 0, 61, 38, 61, 38, 0, 58, 58, 94, 94, 6, 24, 6, 24, 0, 34, 31, 34, 31, 0, 73, 73, 0, 74, 74, 81, 129, 129,
        81, 0, 47, 47, 68, 68, 54, 42, 54, 42, 124, 124, 0, 104, 104, 2, 14, 2, 14, 0, 96, 102, 96, 102, 66, 13, 13, 66,
        79, 79, 0, 103, 103, 28, 28, 21, 21, 41, 109, 41, 109, 0, 64, 64, 92, 12, 12, 40, 92, 40, 0, 52, 52, 20, 20, 23,
        23, 70, 70, 0, 17, 17, 0, 84, 71, 71, 128, 130, 128, 84, 130, 0, 121, 18, 121, 18, 0, 76, 76, 0, 82, 82, 63, 63,
        22, 55, 55, 22, 46, 46, 0, 108, 117, 108, 117, 56, 56, 86, 86, 0, 114, 51, 51, 114, 0, 26, 97, 97, 26, 0, 32,
        32, 69, 69, 95, 95, 85, 85, 0, 89, 126, 126, 89, 44, 67, 67, 44, 45, 45, 0, 0, 77, 77, 15, 15, 99, 99, 0, 115,
        115, 110, 110, 0, 0, 25, 25, 87, 87, 0, 123, 123, 0, 118, 43, 118, 112, 112, 43, 0, 49, 49, 0, 16, 16, 59, 78,
        59, 78, 0, 48, 111, 111, 48, 125, 125, 88, 88, 0, 50, 90, 50, 90, 101, 101, 9, 9, 3, 3, 0
      ],
      "Improvement": 76.56258650562086,
      "Average run time": 339.6639,
      "Average objective": 1.78775615E7,
      "Best objective": 1.7682752E7
    }
  },
  "Call 18 Vehicle 5": {
    "Adaptive Large Neighbourhood Search": {
      "Best solution": [
        4, 14, 7, 14, 4, 3, 7, 3, 0, 15, 15, 6, 17, 17, 6, 0, 11, 16, 16, 10, 11, 9, 10, 9, 0, 12, 12, 1, 8, 1, 8, 2, 2,
        0, 18, 5, 5, 18, 0, 13, 13
      ],
      "Improvement": 72.60722260546491,
      "Average run time": 29.97,
      "Average objective": 2452461.6,
      "Best objective": 2400016.0
    }
  },
  "Call 7 Vehicle 3": {
    "Adaptive Large Neighbourhood Search": {
      "Best solution": [3, 3, 0, 7, 1, 7, 1, 0, 5, 5, 6, 6, 0, 4, 4, 2, 2],
      "Improvement": 55.074424404413065,
      "Average run time": 9.9901,
      "Average objective": 1476444.0,
      "Best objective": 1476444.0
    }
  }
}